{
  "personalinfo": [
    {
      "dataindex": "0",
      "firstname": "Alison",
      "lastname": "Cooper",
      "mobile": "1234567890",
      "email": "alison@gmail.com",
      "address": "153 Bethnal Green Rd, London E2 7DG",
      "imgsrc": "../icon/1752632-pokemon/png/002-avatar.png"
    },
    {
      "dataindex": "1",
      "firstname": "Adrian",
      "lastname": "May",
      "mobile": "1234567890",
      "email": "adrian@gmail",
      "address": "7 Boundary St, Hackney, London E2 7JE",
      "imgsrc": "../icon/1752632-pokemon/png/003-avatar.png"
    },
    {
      "dataindex": "2",
      "firstname": "Christopher",
      "lastname": "Lewin",
      "mobile": "123465451691",
      "email": "clwin@gmail.com",
      "address": "1 Albert Embankment",
      "imgsrc": "../icon/1752632-pokemon/png/004-avatar.png"
    },
    {
      "dataindex": "3",
      "firstname": "Briana",
      "lastname": "Jones",
      "mobile": "55912379512",
      "email": "briana@gmail.com",
      "address": "153 Bethnal Green Rd, London E2 7DG",
      "imgsrc": "../icon/1752632-pokemon/png/005-avatar.png"
    },
    {
      "dataindex": "4",
      "firstname": "Joanna",
      "lastname": "Kang",
      "mobile": "11268165",
      "email": "jfrences11@gmail.com",
      "address": "11 Leonard St, Old Street, London EC2A 4AQ",
      "imgsrc": "../icon/1752632-pokemon/png/006-avatar.png"
    },
    {
      "dataindex": "5",
      "firstname": "Daniel",
      "lastname": "Radcliffe",
      "mobile": "16842195423",
      "email": "daniel@gmail.com",
      "address": "96 Euston Rd, Somers Town, London NW1 2DB",
      "imgsrc": "../icon/1752632-pokemon/png/007-avatar.png"
    },
    {
      "dataindex": "6",
      "firstname": "Harry",
      "lastname": "Potter",
      "mobile": "124561330",
      "email": "harrypotter@gmail.com",
      "address": "Euston Rd, Kings Cross, London N1 9AL",
      "imgsrc": "../icon/1752632-pokemon/png/011-avatar.png"
    },
    {
      "dataindex": "7",
      "firstname": "Hermione",
      "lastname": "Granger",
      "mobile": "54913219515",
      "email": "freedobby@gmail.com",
      "address": "18 Chiltern St, Marylebone, London W1U 7QA",
      "imgsrc": "../icon/1752632-pokemon/png/008-avatar.png"
    },
    {
      "dataindex": "8",
      "firstname": "Ron",
      "lastname": "Wiseley",
      "mobile": "6121319513",
      "email": "iamkingofginger@gmail.com",
      "address": "115 Tottenham Court Rd, Bloomsbury, London W1T 5AH",
      "imgsrc": "../icon/1752632-pokemon/png/009-avatar.png"
    },
    {
      "dataindex": "9",
      "firstname": "Ryan",
      "lastname": "Thelion",
      "mobile": "21231039",
      "email": "iamnotteddybear@gmail.com",
      "address": "Hertford House, Manchester Square, London W1U 3BN",
      "imgsrc": "../icon/1752632-pokemon/png/010-avatar.png"
    },
    {
      "dataindex": "10",
      "firstname": "Jordy",
      "lastname": "Dinosour",
      "mobile": "123615213",
      "email": "jordy@gmail.com",
      "address": "499 - 517 Oxford St, Mayfair, London W1K 7DA",
      "imgsrc": "../icon/1752632-pokemon/png/012-avatar.png"
    },
    {
      "dataindex": "11",
      "firstname": "Muzi",
      "lastname": "Radish",
      "mobile": "544992169841",
      "email": "muzi@gmail.com",
      "address": "30 Lower Marsh, Bishop's, London SE1 7RG",
      "imgsrc": "../icon/1752632-pokemon/png/014-avatar.png"
    },
    {
      "dataindex": "12",
      "firstname": "Radhika",
      "lastname": "Graham",
      "mobile": "5169591319",
      "email": "radhika@gmail.com",
      "address": "16-18 Piccadilly, London W1J 0DF",
      "imgsrc": "../icon/1752632-pokemon/png/015-avatar.png"
    },
    {
      "dataindex": "13",
      "firstname": "Shirley",
      "lastname": "Rich",
      "mobile": "8793219546",
      "email": "shirley@gmail.com",
      "address": "8 Plender St, London NW1 0JT",
      "imgsrc": "../icon/1752632-pokemon/png/016-avatar.png"
    }
  ]
}
